{"inputUnits":[63],"outputUnits":3,"inputs":{"0":{"dtype":"number","min":0.13863664865493774,"max":0.9080392122268677},"1":{"dtype":"number","min":0.28983303904533386,"max":1.133690357208252},"2":{"dtype":"number","min":-8.553847692382988e-7,"max":0.0000016336580301867798},"3":{"dtype":"number","min":0.16983214020729065,"max":0.8737086653709412},"4":{"dtype":"number","min":0.2934407591819763,"max":1.0129990577697754},"5":{"dtype":"number","min":-0.18841981887817383,"max":0.0505061000585556},"6":{"dtype":"number","min":0.12841911613941193,"max":0.8817566633224487},"7":{"dtype":"number","min":0.23979586362838745,"max":0.9724082946777344},"8":{"dtype":"number","min":-0.26613542437553406,"max":0.06903998553752899},"9":{"dtype":"number","min":0.1078009381890297,"max":0.9164006114006042},"10":{"dtype":"number","min":0.16716864705085754,"max":0.9820663332939148},"11":{"dtype":"number","min":-0.35871395468711853,"max":0.08122938871383667},"12":{"dtype":"number","min":0.08734209835529327,"max":0.9421574473381042},"13":{"dtype":"number","min":0.09239222854375839,"max":1.0558629035949707},"14":{"dtype":"number","min":-0.44935905933380127,"max":0.08917248249053955},"15":{"dtype":"number","min":0.11268764734268188,"max":0.9088000059127808},"16":{"dtype":"number","min":0.08277160674333572,"max":0.9158486723899841},"17":{"dtype":"number","min":-0.3174980878829956,"max":0.04111351817846298},"18":{"dtype":"number","min":0.059486016631126404,"max":0.9691281318664551},"19":{"dtype":"number","min":0.013973817229270935,"max":1.0246567726135254},"20":{"dtype":"number","min":-0.4442038834095001,"max":0.04230058565735817},"21":{"dtype":"number","min":0.0038881301879882812,"max":0.9515445232391357},"22":{"dtype":"number","min":-0.05556057393550873,"max":1.0926214456558228},"23":{"dtype":"number","min":-0.5460184812545776,"max":0.04592578113079071},"24":{"dtype":"number","min":-0.04873011261224747,"max":0.9873485565185547},"25":{"dtype":"number","min":-0.11171422898769379,"max":1.1358458995819092},"26":{"dtype":"number","min":-0.6083101630210876,"max":0.05636055767536163},"27":{"dtype":"number","min":0.05216967314481735,"max":0.9434939622879028},"28":{"dtype":"number","min":0.06455110758543015,"max":0.9212468266487122},"29":{"dtype":"number","min":-0.2876608073711395,"max":0.03671426326036453},"30":{"dtype":"number","min":-0.02260991930961609,"max":0.9979146718978882},"31":{"dtype":"number","min":-0.017918720841407776,"max":1.0392611026763916},"32":{"dtype":"number","min":-0.39480018615722656,"max":0.04109923541545868},"33":{"dtype":"number","min":-0.08123830705881119,"max":0.9812173247337341},"34":{"dtype":"number","min":-0.09148089587688446,"max":1.0914157629013062},"35":{"dtype":"number","min":-0.40317729115486145,"max":0.059148408472537994},"36":{"dtype":"number","min":-0.1333998739719391,"max":1.0192244052886963},"37":{"dtype":"number","min":-0.14479371905326843,"max":1.136183500289917},"38":{"dtype":"number","min":-0.4004892408847809,"max":0.07415106892585754},"39":{"dtype":"number","min":0.0034228041768074036,"max":0.9846209287643433},"40":{"dtype":"number","min":0.06727682054042816,"max":0.9088950157165527},"41":{"dtype":"number","min":-0.2726151943206787,"max":0.05167582258582115},"42":{"dtype":"number","min":-0.07104673236608505,"max":1.0183436870574951},"43":{"dtype":"number","min":-0.01101595163345337,"max":1.040895700454712},"44":{"dtype":"number","min":-0.3668763339519501,"max":0.07311639934778214},"45":{"dtype":"number","min":-0.12201609462499619,"max":1.0191378593444824},"46":{"dtype":"number","min":-0.08293463289737701,"max":1.0855321884155273},"47":{"dtype":"number","min":-0.316828191280365,"max":0.08725684136152267},"48":{"dtype":"number","min":-0.16472014784812927,"max":1.0559968948364258},"49":{"dtype":"number","min":-0.13728000223636627,"max":1.131025791168213},"50":{"dtype":"number","min":-0.2669948935508728,"max":0.09852320700883865},"51":{"dtype":"number","min":-0.030825801193714142,"max":1.010793924331665},"52":{"dtype":"number","min":0.08396663516759872,"max":0.9108313322067261},"53":{"dtype":"number","min":-0.28235840797424316,"max":0.08191105723381042},"54":{"dtype":"number","min":-0.08867187052965164,"max":1.0278985500335693},"55":{"dtype":"number","min":0.02633748948574066,"max":1.0277920961380005},"56":{"dtype":"number","min":-0.32649412751197815,"max":0.11226126551628113},"57":{"dtype":"number","min":-0.12715548276901245,"max":1.0389679670333862},"58":{"dtype":"number","min":-0.03707185387611389,"max":1.0500133037567139},"59":{"dtype":"number","min":-0.30179229378700256,"max":0.1296781301498413},"60":{"dtype":"number","min":-0.1606917381286621,"max":1.0725327730178833},"61":{"dtype":"number","min":-0.09256112575531006,"max":1.0931386947631836},"62":{"dtype":"number","min":-0.27215006947517395,"max":0.14243902266025543}},"outputs":{"label":{"dtype":"string","min":0,"max":1,"uniqueValues":["Magie","Zwaard","Schild"],"legend":{"Magie":[1,0,0],"Zwaard":[0,1,0],"Schild":[0,0,1]}}},"isNormalized":true}