{"inputUnits":[63],"outputUnits":3,"inputs":{"0":{"dtype":"number","min":0.19652976095676422,"max":0.8299016356468201},"1":{"dtype":"number","min":0.3410791754722595,"max":1.115240216255188},"2":{"dtype":"number","min":-8.633084576104011e-7,"max":0.0000014930675433788565},"3":{"dtype":"number","min":0.19882774353027344,"max":0.8801369071006775},"4":{"dtype":"number","min":0.33571451902389526,"max":1.0301826000213623},"5":{"dtype":"number","min":-0.20350946485996246,"max":0.08254820853471756},"6":{"dtype":"number","min":0.1633031666278839,"max":0.8898559212684631},"7":{"dtype":"number","min":0.27532875537872314,"max":0.960017740726471},"8":{"dtype":"number","min":-0.2974938452243805,"max":0.11819200962781906},"9":{"dtype":"number","min":0.14045897126197815,"max":0.9373341202735901},"10":{"dtype":"number","min":0.1950334757566452,"max":0.9221234917640686},"11":{"dtype":"number","min":-0.3419398069381714,"max":0.14000387489795685},"12":{"dtype":"number","min":0.10960066318511963,"max":0.9910500049591064},"13":{"dtype":"number","min":0.13784226775169373,"max":0.9549684524536133},"14":{"dtype":"number","min":-0.4048687517642975,"max":0.15981459617614746},"15":{"dtype":"number","min":0.18861450254917145,"max":0.9159349799156189},"16":{"dtype":"number","min":0.08820575475692749,"max":0.7713384628295898},"17":{"dtype":"number","min":-0.31947290897369385,"max":0.0671367272734642},"18":{"dtype":"number","min":0.21630166471004486,"max":0.9489704966545105},"19":{"dtype":"number","min":0.08778198063373566,"max":0.955399751663208},"20":{"dtype":"number","min":-0.458462119102478,"max":0.0824614092707634},"21":{"dtype":"number","min":0.221803218126297,"max":1.0011616945266724},"22":{"dtype":"number","min":0.055407822132110596,"max":0.9680988192558289},"23":{"dtype":"number","min":-0.5444869995117188,"max":0.11779651790857315},"24":{"dtype":"number","min":0.1618756651878357,"max":1.0689902305603027},"25":{"dtype":"number","min":0.00452759861946106,"max":0.9889592528343201},"26":{"dtype":"number","min":-0.5947526097297668,"max":0.13956224918365479},"27":{"dtype":"number","min":0.1605082005262375,"max":0.852690577507019},"28":{"dtype":"number","min":0.06405534595251083,"max":0.7865762114524841},"29":{"dtype":"number","min":-0.2569176256656647,"max":0.03708474338054657},"30":{"dtype":"number","min":0.23687461018562317,"max":0.9305083155632019},"31":{"dtype":"number","min":0.08335698395967484,"max":0.9812233448028564},"32":{"dtype":"number","min":-0.3613046109676361,"max":0.08609306067228317},"33":{"dtype":"number","min":0.25967100262641907,"max":0.888799250125885},"34":{"dtype":"number","min":0.04120562970638275,"max":0.9887256026268005},"35":{"dtype":"number","min":-0.37142521142959595,"max":0.10889483243227005},"36":{"dtype":"number","min":0.24746659398078918,"max":0.931198239326477},"37":{"dtype":"number","min":-0.030358731746673584,"max":0.9856002330780029},"38":{"dtype":"number","min":-0.3680516481399536,"max":0.11714261025190353},"39":{"dtype":"number","min":0.1437702178955078,"max":0.8862889409065247},"40":{"dtype":"number","min":0.062494613230228424,"max":0.819334089756012},"41":{"dtype":"number","min":-0.2512730062007904,"max":0.044360555708408356},"42":{"dtype":"number","min":0.16299456357955933,"max":0.9587910771369934},"43":{"dtype":"number","min":0.10819832980632782,"max":0.9939541816711426},"44":{"dtype":"number","min":-0.2823342978954315,"max":0.09315823018550873},"45":{"dtype":"number","min":0.20224788784980774,"max":0.8959863781929016},"46":{"dtype":"number","min":0.06541299819946289,"max":0.9620558023452759},"47":{"dtype":"number","min":-0.2501469552516937,"max":0.10529102385044098},"48":{"dtype":"number","min":0.2133755087852478,"max":0.889247477054596},"49":{"dtype":"number","min":-0.02768757939338684,"max":0.9234768152236938},"50":{"dtype":"number","min":-0.2570682764053345,"max":0.09839996695518494},"51":{"dtype":"number","min":0.08201755583286285,"max":0.9326512217521667},"52":{"dtype":"number","min":0.07769864052534103,"max":0.894080400466919},"53":{"dtype":"number","min":-0.2545229196548462,"max":0.059764206409454346},"54":{"dtype":"number","min":0.10193686187267303,"max":0.97361159324646},"55":{"dtype":"number","min":0.11901146918535233,"max":0.9877029061317444},"56":{"dtype":"number","min":-0.27872008085250854,"max":0.10931527614593506},"57":{"dtype":"number","min":0.14255082607269287,"max":0.9311506748199463},"58":{"dtype":"number","min":0.11040899157524109,"max":0.9600920677185059},"59":{"dtype":"number","min":-0.2590964436531067,"max":0.12745440006256104},"60":{"dtype":"number","min":0.15558002889156342,"max":0.927229642868042},"61":{"dtype":"number","min":0.05298352241516113,"max":0.9394213557243347},"62":{"dtype":"number","min":-0.24419814348220825,"max":0.12889592349529266}},"outputs":{"label":{"dtype":"string","min":0,"max":1,"uniqueValues":["Schild","Magie","Zwaard"],"legend":{"Schild":[1,0,0],"Magie":[0,1,0],"Zwaard":[0,0,1]}}},"isNormalized":true}